date,opponent,tournament,japan_score,opponent_score,result,venue,manager,scorers,notes
1917-05-07,Philippines,Friendly,2,15,L,"Tokyo, Japan",,,
1917-05-09,China,Far Eastern Championship Games,0,5,L,"Tokyo, Japan",,,
1917-05-10,Philippines,Far Eastern Championship Games,2,15,L,"Tokyo, Japan",,,
1921-05-30,Philippines,Friendly,0,3,L,"Shanghai, China",,,
1921-05-30,Philippines,Far Eastern Championship Games,1,3,L,"Shanghai, China",,,
1921-06-01,China,Far Eastern Championship Games,0,4,L,"Shanghai, China",,,
1921-06-03,China,Open International Championship,0,3,L,"Shanghai, China",,,
1923-05-23,Philippines,Far Eastern Championship Games,1,2,L,"Osaka, Japan",,,
1923-05-24,China,Far Eastern Championship Games,1,5,L,"Osaka, Japan",,,
1925-05-18,Philippines,Far Eastern Championship Games,0,4,L,"Manila, Philippines",,,
1925-05-20,China,Friendly,0,2,L,"Manila, Philippines",,,
1925-05-20,China,Far Eastern Championship Games,0,2,L,"Manila, Philippines",,,
1927-08-27,China,Far Eastern Championship Games,1,5,L,"Shanghai, China",,,
1927-08-29,Philippines,Far Eastern Championship Games,2,1,W,"Shanghai, China",,,
1930-05-25,Philippines,Far Eastern Championship Games,7,2,W,"Tokyo, Japan",,,
1930-05-29,China,Friendly,3,3,D,"Tokyo, Japan",,,
1930-05-30,China,Far Eastern Championship Games,3,3,D,"Tokyo, Japan",,,
1934-05-13,Indonesia,Far Eastern Championship Games,1,7,L,"Manila, Philippines",,,
1934-05-15,Philippines,Far Eastern Championship Games,4,3,W,"Manila, Philippines",,,
1934-05-20,China,Far Eastern Championship Games,3,4,L,"Manila, Philippines",,,
1939-09-02,China,Friendly,3,0,W,"Xinjing, Manchuria",,,
1939-09-03,Manchukuo,Friendly,6,0,W,"Xinjing, Manchuria",,,
1940-06-07,Manchukuo,Friendly,7,0,W,"Tokyo, Japan",,,
1940-06-09,China,Friendly,6,0,W,"Tokyo, Japan",,,
1940-06-16,Philippines,Friendly,1,0,W,"Nishinomiya, Japan",,,
1942-08-08,China,Friendly,6,1,W,"Xinjing, Manchuria",,,
1942-08-09,Manchukuo,Friendly,3,0,W,"Xinjing, Manchuria",,,
1942-08-10,Mongolia,Friendly,12,0,W,"Xinjing, Manchuria",,,
1951-03-07,Iran,Asian Games,0,0,D,"New Delhi, India",,,
1951-03-08,Iran,Asian Games,2,3,L,"New Delhi, India",,,
1951-03-09,Afghanistan,Asian Games,2,0,W,"New Delhi, India",,,
1954-03-07,South Korea,FIFA World Cup qualification,1,5,L,"Tokyo, Japan",,,
1954-03-14,South Korea,FIFA World Cup qualification,2,2,D,"Tokyo, Japan",,,
1954-05-01,Indonesia,Asian Games,3,5,L,"Manila, Philippines",,,
1954-05-03,India,Asian Games,2,3,L,"Manila, Philippines",,,
1955-01-11,Myanmar,Friendly,1,0,W,"Yangon, Burma",,,
1955-10-09,Myanmar,Friendly,0,0,D,"Tokyo, Japan",,,
1958-05-26,Philippines,Asian Games,0,1,L,"Tokyo, Japan",,,
1958-05-28,Hong Kong,Asian Games,0,2,L,"Tokyo, Japan",,,
1958-12-25,Hong Kong,Friendly,2,5,L,"So Kon Po, Hong Kong",,,
1958-12-28,Malaysia,Friendly,2,6,L,"Kuala Lumpur, Malaya",,,
1959-01-04,Malaysia,Friendly,3,1,W,"George Town, Malaya",,,
1959-01-10,Singapore,Friendly,4,3,W,"Kallang, Singapore",,,
1959-01-11,Singapore,Friendly,2,3,L,"Kallang, Singapore",,,
1959-09-03,Singapore,Merdeka Tournament,4,1,W,"Kuala Lumpur, Malaya",,,
1959-09-05,South Korea,Merdeka Tournament,0,0,D,"Kuala Lumpur, Malaya",,,
1959-09-06,South Korea,Merdeka Tournament,1,3,L,"Kuala Lumpur, Malaya",,,
1960-08-05,Malaysia,Merdeka Tournament,0,3,L,"Kuala Lumpur, Malaya",,,
1960-08-10,Pakistan,Merdeka Tournament,1,3,L,"Kuala Lumpur, Malaya",,,
1960-08-12,Thailand,Merdeka Tournament,3,1,W,"Kuala Lumpur, Malaya",,,
1960-11-06,South Korea,FIFA World Cup qualification,1,2,L,"Seoul, South Korea",,,
1961-05-28,Malaysia,Friendly,3,2,W,"Tokyo, Japan",,,
1961-06-11,South Korea,FIFA World Cup qualification,0,2,L,"Tokyo, Japan",,,
1961-08-02,Malaysia,Merdeka Tournament,2,3,L,"Kuala Lumpur, Malaya",,,
1961-08-06,India,Merdeka Tournament,3,1,W,"Kuala Lumpur, Malaya",,,
1961-08-10,Vietnam Republic,Merdeka Tournament,2,3,L,"Kuala Lumpur, Malaya",,,
1961-08-15,Indonesia,Friendly,0,2,L,"Kallang, Singapore",,,
1962-08-25,Thailand,Asian Games,3,1,W,"Jakarta, Indonesia",,,
1962-08-29,India,Asian Games,0,2,L,"Jakarta, Indonesia",,,
1962-08-30,South Korea,Asian Games,0,1,L,"Jakarta, Indonesia",,,
1962-09-08,Malaysia,Merdeka Tournament,2,2,D,"Kuala Lumpur, Malaya",,,
1962-09-12,Pakistan,Merdeka Tournament,1,1,D,"Kuala Lumpur, Malaya",,,
1962-09-15,Myanmar,Merdeka Tournament,1,3,L,"Kuala Lumpur, Malaya",,,
1962-09-21,Singapore,Friendly,1,2,L,"Kallang, Singapore",,,
1963-08-08,Malaysia,Merdeka Tournament,4,3,W,"Kuala Lumpur, Malaya",,,
1963-08-10,Thailand,Merdeka Tournament,4,1,W,"Kuala Lumpur, Malaya",,,
1963-08-12,Vietnam Republic,Merdeka Tournament,5,1,W,"Kuala Lumpur, Malaya",,,
1963-08-13,South Korea,Merdeka Tournament,1,1,D,"Kuala Lumpur, Malaya",,,
1963-08-15,Taiwan,Merdeka Tournament,0,2,L,"Kuala Lumpur, Malaya",,,
1963-10-12,Vietnam Republic,Friendly,2,1,W,"Tokyo, Japan",,,
1964-03-03,Singapore,Friendly,2,1,W,"Kallang, Singapore",,,
1965-03-11,Hong Kong,Friendly,4,1,W,"So Kon Po, Hong Kong",,,
1965-03-15,Hong Kong,Friendly,2,1,W,"So Kon Po, Hong Kong",,,
1965-03-22,Myanmar,Friendly,1,1,D,"Yangon, Burma",,,
1965-03-25,Singapore,Friendly,4,1,W,"Kallang, Singapore",,,
1965-03-27,Malaysia,Friendly,1,1,D,"Kuala Lumpur, Malaysia",,,
1965-08-14,Malaysia,Merdeka Tournament,2,2,D,"Kuala Lumpur, Malaysia",,,
1965-08-15,India,Merdeka Tournament,1,1,D,"Kuala Lumpur, Malaysia",,,
1965-08-18,Taiwan,Merdeka Tournament,0,4,L,"Kuala Lumpur, Malaysia",,,
1965-08-20,Myanmar,Merdeka Tournament,3,1,W,"Kuala Lumpur, Malaysia",,,
1965-08-24,Thailand,Merdeka Tournament,0,0,D,"Kuala Lumpur, Malaysia",,,
1965-08-28,Vietnam Republic,Merdeka Tournament,2,1,W,"Kuala Lumpur, Malaysia",,,
1966-08-14,South Korea,Merdeka Tournament,0,2,L,"Kuala Lumpur, Malaysia",,,
1966-08-17,India,Merdeka Tournament,0,3,L,"Kuala Lumpur, Malaysia",,,
1966-08-20,Taiwan,Merdeka Tournament,5,2,W,"Kuala Lumpur, Malaysia",,,
1966-08-22,Vietnam Republic,Merdeka Tournament,0,2,L,"Ipoh, Malaysia",,,
1966-08-25,Singapore,Merdeka Tournament,1,0,W,"Kuala Lumpur, Malaysia",,,
1966-12-10,India,Asian Games,2,1,W,"Bangkok, Thailand",,,
1966-12-11,Iran,Asian Games,3,1,W,"Bangkok, Thailand",,,
1966-12-14,Malaysia,Asian Games,1,0,W,"Bangkok, Thailand",,,
1966-12-16,Singapore,Asian Games,5,1,W,"Bangkok, Thailand",,,
1966-12-17,Thailand,Asian Games,5,1,W,"Bangkok, Thailand",,,
1966-12-18,Iran,Asian Games,0,1,L,"Bangkok, Thailand",,,
1966-12-19,Singapore,Asian Games,2,0,W,"Bangkok, Thailand",,,
1967-07-28,Peru,Friendly,0,1,L,"Lima, Peru",,,
1967-07-30,Peru,Friendly,0,0,D,"Lima, Peru",,,
1967-08-01,South Korea,AFC Asian Cup qualification,2,1,W,"Taipei, Taiwan",,,
1967-08-03,Philippines,AFC Asian Cup qualification,2,0,W,"Taipei, Taiwan",,,
1967-08-05,Indonesia,AFC Asian Cup qualification,2,1,W,"Taipei, Taiwan",,,
1968-03-26,Mexico,Friendly,0,4,L,"Mexico City, Mexico",,,
1968-03-30,Australia,Friendly,2,2,D,"Sydney, Australia",,,
1968-03-31,Australia,Friendly,1,3,L,"Melbourne, Australia",,,
1968-04-04,Australia,Friendly,3,1,W,"Adelaide, Australia",,,
1969-10-10,Australia,FIFA World Cup qualification,1,3,L,"Seoul, South Korea",,,
1969-10-12,South Korea,FIFA World Cup qualification,2,2,D,"Seoul, South Korea",,,
1969-10-16,Australia,FIFA World Cup qualification,1,1,D,"Seoul, South Korea",,,
1969-10-18,South Korea,FIFA World Cup qualification,0,2,L,"Seoul, South Korea",,,
1970-07-31,Hong Kong,Merdeka Tournament,1,2,L,"Kuala Lumpur, Malaysia",,,
1970-08-02,South Korea,Merdeka Tournament,1,1,D,"Kuala Lumpur, Malaysia",,,
1970-08-04,Thailand,Merdeka Tournament,0,0,D,"Kuala Lumpur, Malaysia",,,
1970-08-08,Indonesia,Merdeka Tournament,4,3,W,"Kuala Lumpur, Malaysia",,,
1970-08-10,Singapore,Merdeka Tournament,4,0,W,"Kuala Lumpur, Malaysia",,,
1970-08-16,Taiwan,Merdeka Tournament,3,2,W,"Kuala Lumpur, Malaysia",,,
1970-12-10,Malaysia,Asian Games,1,0,W,"Bangkok, Thailand",,,
1970-12-12,Cambodia,Asian Games,1,0,W,"Bangkok, Thailand",,,
1970-12-14,Myanmar,Asian Games,2,1,W,"Bangkok, Thailand",,,
1970-12-16,Indonesia,Asian Games,2,1,W,"Bangkok, Thailand",,,
1970-12-17,India,Asian Games,1,0,W,"Bangkok, Thailand",,,
1970-12-18,South Korea,Asian Games,1,2,L,"Bangkok, Thailand",,,
1970-12-19,India,Asian Games,0,1,L,"Bangkok, Thailand",,,
1971-07-28,Denmark,Friendly,2,3,L,"Copenhagen, Denmark",,,
1971-08-13,Iceland,Friendly,2,0,W,"Reykjavík, Iceland",,,
1972-07-12,Cambodia,Merdeka Tournament,4,1,W,"Kuala Lumpur, Malaysia",,,
1972-07-16,Sri Lanka,Merdeka Tournament,5,0,W,"Ipoh, Malaysia",,,
1972-07-18,Philippines,Merdeka Tournament,5,1,W,"Kuala Lumpur, Malaysia",,,
1972-07-22,Malaysia,Merdeka Tournament,1,3,L,"Kuala Lumpur, Malaysia",,,
1972-07-26,South Korea,Merdeka Tournament,0,3,L,"Kuala Lumpur, Malaysia",,,
1972-08-04,Philippines,Friendly,4,1,W,"Kallang, Singapore",,,
1972-08-06,Indonesia,Friendly,0,1,L,"Kallang, Singapore",,,
1972-09-14,South Korea,Friendly,2,2,D,"Tokyo, Japan",,,
1973-05-16,Israel,FIFA World Cup qualification,1,2,L,"Seoul, South Korea",,,
1973-05-20,Vietnam Republic,FIFA World Cup qualification,4,0,W,"Seoul, South Korea",,,
1973-05-22,Hong Kong,FIFA World Cup qualification,0,1,L,"Seoul, South Korea",,,
1973-05-26,Israel,FIFA World Cup qualification,0,1,L,"Seoul, South Korea",,,
1973-06-23,South Korea,Friendly,0,2,L,"Seoul, South Korea",,,
1974-02-12,Singapore,Friendly,1,0,W,"Kallang, Singapore",,,
1974-02-20,Hong Kong,Friendly,0,0,D,"So Kon Po, Hong Kong",,,
1974-09-03,Philippines,Asian Games,4,0,W,"Tehran, Iran",,,
1974-09-05,Malaysia,Asian Games,1,1,D,"Tehran, Iran",,,
1974-09-07,Israel,Asian Games,0,3,L,"Tehran, Iran",,,
1974-09-28,South Korea,Friendly,4,1,W,"Tokyo, Japan",,,
1975-06-14,Hong Kong,AFC Asian Cup qualification,0,0,D,"So Kon Po, Hong Kong",,,
1975-06-17,North Korea,AFC Asian Cup qualification,0,1,L,"So Kon Po, Hong Kong",,,
1975-06-23,China,AFC Asian Cup qualification,1,2,L,"So Kon Po, Hong Kong",,,
1975-07-30,Hong Kong,Merdeka Tournament,0,2,L,"Kuala Lumpur, Malaysia",,,
1975-08-02,Malaysia,Merdeka Tournament,0,2,L,"Kuala Lumpur, Malaysia",,,
1975-08-04,Bangladesh,Merdeka Tournament,3,0,W,"Kuala Lumpur, Malaysia",,,
1975-08-07,Indonesia,Merdeka Tournament,4,1,W,"Kuala Lumpur, Malaysia",,,
1975-08-09,South Korea,Merdeka Tournament,1,3,L,"Kuala Lumpur, Malaysia",,,
1975-08-11,Thailand,Merdeka Tournament,4,0,W,"Kuala Lumpur, Malaysia",,,
1975-08-14,Myanmar,Merdeka Tournament,2,0,W,"Kuala Lumpur, Malaysia",,,
1975-09-08,South Korea,Friendly,0,3,L,"Seoul, South Korea",,,
1976-01-25,Bulgaria,Friendly,1,3,L,"Tokyo, Japan",,,
1976-01-28,Bulgaria,Friendly,1,1,D,"Osaka, Japan",,,
1976-02-01,Bulgaria,Friendly,0,3,L,"Tokyo, Japan",,,
1976-08-08,India,Merdeka Tournament,5,1,W,"Kuala Lumpur, Malaysia",,,
1976-08-10,Indonesia,Merdeka Tournament,6,0,W,"Kuala Lumpur, Malaysia",,,
1976-08-13,Myanmar,Merdeka Tournament,2,2,D,"Kuala Lumpur, Malaysia",,,
1976-08-16,Thailand,Merdeka Tournament,2,2,D,"Kuala Lumpur, Malaysia",,,
1976-08-18,South Korea,Merdeka Tournament,0,0,D,"Kuala Lumpur, Malaysia",,,
1976-08-20,Malaysia,Merdeka Tournament,2,2,D,"Kuala Lumpur, Malaysia",,,
1976-08-22,Malaysia,Merdeka Tournament,0,2,L,"Kuala Lumpur, Malaysia",,,
1976-12-04,South Korea,Friendly,1,2,L,"Tokyo, Japan",,,
1977-03-06,Israel,FIFA World Cup qualification,0,2,L,"Ramat Gan, Israel",,,
1977-03-10,Israel,FIFA World Cup qualification,0,2,L,"Ramat Gan, Israel",,,
1977-03-26,South Korea,FIFA World Cup qualification,0,0,D,"Tokyo, Japan",,,
1977-04-03,South Korea,FIFA World Cup qualification,0,1,L,"Seoul, South Korea",,,
1977-06-15,South Korea,Friendly,1,2,L,"Seoul, South Korea",,,
1978-05-23,Thailand,Kirin Cup,3,0,W,"Nagoya, Japan",,,
1978-07-13,Iraq,Merdeka Tournament,0,0,D,"Kuala Lumpur, Malaysia",,,
1978-07-15,Indonesia,Merdeka Tournament,1,2,L,"Kuala Lumpur, Malaysia",,,
1978-07-17,Syria,Merdeka Tournament,3,2,W,"Kuala Lumpur, Malaysia",,,
1978-07-19,South Korea,Merdeka Tournament,0,4,L,"Kuala Lumpur, Malaysia",,,
1978-07-21,Malaysia,Merdeka Tournament,1,4,L,"Kuala Lumpur, Malaysia",,,
1978-07-23,Singapore,Merdeka Tournament,1,2,L,"Kuala Lumpur, Malaysia",,,
1978-07-26,Thailand,Merdeka Tournament,4,0,W,"Kuala Lumpur, Malaysia",,,
1978-11-19,Russia,Friendly,1,4,L,"Tokyo, Japan",,,
1978-11-23,Russia,Friendly,1,4,L,"Tokyo, Japan",,,
1978-11-26,Russia,Friendly,0,3,L,"Osaka, Japan",,,
1978-12-11,Kuwait,Asian Games,0,2,L,"Bangkok, Thailand",,,
1978-12-13,Bahrain,Asian Games,4,0,W,"Bangkok, Thailand",,,
1978-12-15,South Korea,Asian Games,1,3,L,"Bangkok, Thailand",,,
1979-03-04,South Korea,Friendly,2,1,W,"Tokyo, Japan",,,
1979-05-31,Indonesia,Kirin Cup,4,0,W,"Tokyo, Japan",,,
1979-06-16,South Korea,Friendly,1,4,L,"Seoul, South Korea",,,
1979-06-29,Malaysia,Merdeka Tournament,1,1,D,"Kuala Lumpur, Malaysia",,,
1979-06-29,Thailand,Merdeka Tournament,2,0,W,"Kuala Lumpur, Malaysia",,,
1979-07-01,Myanmar,Merdeka Tournament,1,0,W,"Kuala Lumpur, Malaysia",,,
1979-07-11,Indonesia,Merdeka Tournament,0,0,D,"Kuala Lumpur, Malaysia",,,
1979-07-13,Singapore,Merdeka Tournament,3,1,W,"Kuala Lumpur, Malaysia",,,
1979-08-23,North Korea,Friendly,0,0,D,"Pyongyang, North Korea",,,
1980-05-11,Luxembourg,Friendly,1,0,W,"Medan, Indonesia",,,
1980-06-09,Hong Kong,Guangzhou International Friendship Tournament,3,1,W,"Guangzhou, China",,,
1980-06-11,China,Guangzhou International Friendship Tournament,0,1,L,"Guangzhou, China",,,
1980-06-18,Hong Kong,Guangzhou International Friendship Tournament,2,0,W,"Guangzhou, China",,,
1980-12-22,Singapore,FIFA World Cup qualification,1,0,W,"So Kon Po, Hong Kong",,,
1980-12-26,China,FIFA World Cup qualification,0,1,L,"So Kon Po, Hong Kong",,,
1980-12-28,Macau,FIFA World Cup qualification,3,0,W,"So Kon Po, Hong Kong",,,
1980-12-30,North Korea,FIFA World Cup qualification,0,1,L,"So Kon Po, Hong Kong",,,
1981-02-08,Malaysia,Friendly,0,1,L,"Kuantan, Malaysia",,,
1981-02-10,Malaysia,Friendly,1,1,D,"Kuala Lumpur, Malaysia",,,
1981-02-17,Singapore,Friendly,1,0,W,"Kallang, Singapore",,,
1981-02-19,Singapore,Friendly,0,0,D,"Kallang, Singapore",,,
1981-02-24,Indonesia,Friendly,0,2,L,"Jakarta, Indonesia",,,
1981-03-08,South Korea,Friendly,0,1,L,"Tokyo, Japan",,,
1981-06-02,China,Kirin Cup,0,0,D,"Saitama, Japan",,,
1981-06-19,Malaysia,Korea Cup,2,0,W,"Daegu, South Korea",,,
1981-06-21,South Korea,Korea Cup,0,2,L,"Busan, South Korea",,,
1981-08-30,Malaysia,Merdeka Tournament,2,0,W,"Kuala Lumpur, Malaysia",,,
1981-09-03,India,Merdeka Tournament,3,2,W,"Kuala Lumpur, Malaysia",,,
1981-09-08,United Arab Emirates,Merdeka Tournament,3,2,W,"Kuala Lumpur, Malaysia",,,
1981-09-12,New Zealand,Merdeka Tournament,0,1,L,"Kuala Lumpur, Malaysia",,,
1981-09-14,Indonesia,Merdeka Tournament,2,0,W,"Kuala Lumpur, Malaysia",,,
1981-09-18,Iraq,Merdeka Tournament,0,2,L,"Kuala Lumpur, Malaysia",,,
1982-03-21,South Korea,Friendly,0,3,L,"Seoul, South Korea",,,
1982-06-02,Singapore,Kirin Cup,2,0,W,"Hiroshima, Japan",,,
1982-11-21,Iran,Asian Games,1,0,W,"New Delhi, India",,,
1982-11-23,South Yemen,Asian Games,3,1,W,"New Delhi, India",,,
1982-11-25,South Korea,Asian Games,2,1,W,"New Delhi, India",,,
1982-11-28,Iraq,Asian Games,0,1,L,"New Delhi, India",,,
1983-02-12,Syria,Friendly,2,2,D,"Damascus, Syria",,,
1983-03-06,South Korea,Friendly,1,1,D,"Tokyo, Japan",,,
1983-06-07,Syria,Kirin Cup,1,0,W,"Tokyo, Japan",,,
1984-03-06,Brunei,Friendly,7,1,W,"Bandar Seri Begawan, Brunei",,,
1984-05-31,China,Kirin Cup,1,0,W,"Saitama, Japan",,,
1984-09-30,South Korea,Friendly,2,1,W,"Seoul, South Korea",,,
1985-02-23,Singapore,FIFA World Cup qualification,3,1,W,"Kallang, Singapore",,,
1985-03-21,North Korea,FIFA World Cup qualification,1,0,W,"Tokyo, Japan",,,
1985-04-30,North Korea,FIFA World Cup qualification,0,0,D,"Pyongyang, North Korea",,,
1985-05-18,Singapore,FIFA World Cup qualification,5,0,W,"Tokyo, Japan",,,
1985-05-26,Uruguay,Kirin Cup,1,4,L,"Tokyo, Japan",,,
1985-08-11,Hong Kong,FIFA World Cup qualification,3,0,W,"Kobe, Japan",,,
1985-09-22,Hong Kong,FIFA World Cup qualification,2,1,W,"Siu Sai Wan, Hong Kong",,,
1985-10-26,South Korea,FIFA World Cup qualification,1,2,L,"Tokyo, Japan",,,
1985-11-03,South Korea,FIFA World Cup qualification,0,1,L,"Seoul, South Korea",,,
1986-05-11,Algeria,Kirin Cup,2,1,W,"Matsuyama, Japan",,,
1986-07-25,Syria,Merdeka Tournament,2,1,W,"Kuala Lumpur, Malaysia",,,
1986-08-01,Malaysia,Merdeka Tournament,1,2,L,"Kuala Lumpur, Malaysia",,,
1986-09-20,Nepal,Asian Games,5,0,W,"Daejeon, South Korea",,,
1986-09-22,Iran,Asian Games,0,2,L,"Daejeon, South Korea",,,
1986-09-24,Kuwait,Asian Games,0,2,L,"Daejeon, South Korea",,,
1986-09-28,Bangladesh,Asian Games,4,0,W,"Daejeon, South Korea",,,
1987-05-27,Senegal,Kirin Cup,2,2,D,"Hiroshima, Japan",,,
1988-01-27,United Arab Emirates,Friendly,1,1,D,"Dubai, United Arab Emirates",,,
1988-01-30,United Arab Emirates,Friendly,0,2,L,"Abu Dhabi, United Arab Emirates",,,
1988-02-02,Oman,Friendly,1,1,D,"Muscat, Oman",,,
1988-04-08,Kuwait,AFC Asian Cup qualification,0,1,L,"Kuala Lumpur, Malaysia",,,
1988-04-11,Malaysia,AFC Asian Cup qualification,1,0,W,"Kuala Lumpur, Malaysia",,,
1988-04-16,Jordan,AFC Asian Cup qualification,1,1,D,"Kuala Lumpur, Malaysia",,,
1988-04-18,Pakistan,AFC Asian Cup qualification,4,1,W,"Kuala Lumpur, Malaysia",,,
1988-06-02,China,Kirin Cup,0,3,L,"Nagoya, Japan",,,
1988-10-26,South Korea,Friendly,0,1,L,"Tokyo, Japan",,,
1988-12-04,Iran,AFC Asian Cup,0,0,D,"Doha, Qatar",,,
1988-12-06,South Korea,AFC Asian Cup,0,2,L,"Doha, Qatar",,,
1988-12-10,United Arab Emirates,AFC Asian Cup,0,1,L,"Doha, Qatar",,,
1988-12-12,Qatar,AFC Asian Cup,0,3,L,"Doha, Qatar",,,
1989-01-20,Iran,Friendly,2,2,D,"Tehran, Iran",,,
1989-05-05,South Korea,Friendly,0,1,L,"Seoul, South Korea",,,
1989-05-10,China,Friendly,2,2,D,"Tokyo, Japan",,,
1989-05-13,China,Friendly,2,0,W,"Okayama, Japan",,,
1989-05-22,Hong Kong,FIFA World Cup qualification,0,0,D,"Victoria, Hong Kong",,,
1989-05-28,Indonesia,FIFA World Cup qualification,0,0,D,"Jakarta, Indonesia",,,
1989-06-04,North Korea,FIFA World Cup qualification,2,1,W,"Tokyo, Japan",,,
1989-06-11,Indonesia,FIFA World Cup qualification,5,0,W,"Tokyo, Japan",,,
1989-06-18,Hong Kong,FIFA World Cup qualification,0,0,D,"Kobe, Japan",,,
1989-06-25,North Korea,FIFA World Cup qualification,0,2,L,"Pyongyang, North Korea",,,
1989-07-23,Brazil,Friendly,0,1,L,"Rio de Janeiro, Brazil",,,
1990-07-27,South Korea,Dynasty Cup,0,2,L,"Beijing, China",,,
1990-07-29,China,Dynasty Cup,0,1,L,"Beijing, China",,,
1990-07-31,North Korea,Dynasty Cup,0,1,L,"Beijing, China",,,
1990-09-26,Bangladesh,Asian Games,3,0,W,"Beijing, China",,,
1990-09-28,Saudi Arabia,Asian Games,0,2,L,"Beijing, China",,,
1990-10-01,Iran,Asian Games,0,1,L,"Beijing, China",,,
1991-06-02,Thailand,Kirin Cup,1,0,W,"Tendo, Japan",,,
1991-07-27,South Korea,Friendly,0,1,L,"Nagasaki, Japan",,,
1992-05-30,Argentina,Kirin Cup,0,1,L,"Tokyo, Japan",,,
1992-06-07,Wales,Kirin Cup,0,1,L,"Matsuyama, Japan",,,
1992-08-22,South Korea,Dynasty Cup,0,0,D,"Beijing, China",,,
1992-08-24,China,Dynasty Cup,2,0,W,"Beijing, China",,,
1992-08-26,North Korea,Dynasty Cup,4,1,W,"Beijing, China",,,
1992-08-29,South Korea,Dynasty Cup,2,2,D,"Beijing, China",,,
1992-10-30,United Arab Emirates,AFC Asian Cup,0,0,D,"Onomichi, Japan",,,
1992-11-01,North Korea,AFC Asian Cup,1,1,D,"Hiroshima, Japan",,,
1992-11-03,Iran,AFC Asian Cup,1,0,W,"Hiroshima, Japan",,,
1992-11-06,China,AFC Asian Cup,3,2,W,"Hiroshima, Japan",,,
1992-11-08,Saudi Arabia,AFC Asian Cup,1,0,W,"Hiroshima, Japan",,,
1993-01-23,Switzerland,Friendly,1,1,D,"Hong Kong, Hong Kong",,,
1993-03-07,Hungary,Kirin Cup,0,1,L,"Fukuoka, Japan",,,
1993-03-14,United States,Kirin Cup,3,1,W,"Tokyo, Japan",,,
1993-04-08,Thailand,FIFA World Cup qualification,1,0,W,"Kobe, Japan",,,
1993-04-11,Bangladesh,FIFA World Cup qualification,8,0,W,"Tokyo, Japan",,,
1993-04-15,Sri Lanka,FIFA World Cup qualification,5,0,W,"Tokyo, Japan",,,
1993-04-18,United Arab Emirates,FIFA World Cup qualification,2,0,W,"Tokyo, Japan",,,
1993-04-28,Thailand,FIFA World Cup qualification,1,0,W,"Dubai, United Arab Emirates",,,
1993-04-30,Bangladesh,FIFA World Cup qualification,4,1,W,"Dubai, United Arab Emirates",,,
1993-05-05,Sri Lanka,FIFA World Cup qualification,6,0,W,"Dubai, United Arab Emirates",,,
1993-05-07,United Arab Emirates,FIFA World Cup qualification,1,1,D,"Al Ain, United Arab Emirates",,,
1993-10-04,Ivory Coast,Friendly,1,0,W,"Tokyo, Japan",,,
1993-10-15,Saudi Arabia,FIFA World Cup qualification,0,0,D,"Doha, Qatar",,,
1993-10-18,Iran,FIFA World Cup qualification,1,2,L,"Doha, Qatar",,,
1993-10-21,North Korea,FIFA World Cup qualification,3,0,W,"Doha, Qatar",,,
1993-10-25,South Korea,FIFA World Cup qualification,1,0,W,"Doha, Qatar",,,
1993-10-28,Iraq,FIFA World Cup qualification,2,2,D,"Doha, Qatar",,,
1994-05-22,Australia,Kirin Cup,1,1,D,"Hiroshima, Japan",,,
1994-05-29,France,Kirin Cup,1,4,L,"Tokyo, Japan",,,
1994-07-08,Ghana,Friendly,3,2,W,"Nagoya, Japan",,,
1994-07-14,Ghana,Friendly,2,1,W,"Kobe, Japan",,,
1994-09-27,Australia,Friendly,0,0,D,"Tokyo, Japan",,,
1994-10-03,United Arab Emirates,Asian Games,1,1,D,"Miyoshi, Japan",,,
1994-10-05,Qatar,Asian Games,1,1,D,"Hiroshima, Japan",,,
1994-10-09,Myanmar,Asian Games,5,0,W,"Onomichi, Japan",,,
1994-10-11,South Korea,Asian Games,2,3,L,"Hiroshima, Japan",,,
1995-01-06,Nigeria,Confederations Cup,0,3,L,"Riyadh, Saudi Arabia",,,
1995-01-08,Argentina,Confederations Cup,1,5,L,"Riyadh, Saudi Arabia",,,
1995-02-15,Australia,Friendly,1,2,L,"Sydney, Australia",,,
1995-02-19,Hong Kong,Dynasty Cup,3,0,W,"Victoria, Hong Kong",,,
1995-02-21,South Korea,Dynasty Cup,1,1,D,"Victoria, Hong Kong",,,
1995-02-22,Thailand,King's Cup,2,3,L,"Bangkok, Thailand",,,
1995-02-23,China,Dynasty Cup,2,1,W,"Victoria, Hong Kong",,,
1995-02-26,South Korea,Dynasty Cup,2,2,D,"Victoria, Hong Kong",,,
1995-05-21,Scotland,Kirin Cup,0,0,D,"Hiroshima, Japan",,,
1995-05-28,Ecuador,Kirin Cup,3,0,W,"Tokyo, Japan",,,
1995-06-03,England,Friendly,1,2,L,"London, England",,,
1995-06-06,Brazil,Friendly,0,3,L,"Liverpool, England",,,
1995-06-10,Sweden,Friendly,2,2,D,"Nottingham, England",,,
1995-08-06,Costa Rica,Friendly,3,0,W,"Kyoto, Japan",,,
1995-08-09,Brazil,Friendly,1,5,L,"Tokyo, Japan",,,
1995-09-20,Paraguay,Friendly,1,2,L,"Tokyo, Japan",,,
1995-10-24,Saudi Arabia,Friendly,2,1,W,"Tokyo, Japan",,,
1995-10-28,Saudi Arabia,Friendly,2,1,W,"Matsuyama, Japan",,,
1996-02-10,Australia,Friendly,4,1,W,"Wollongong, Australia",,,
1996-02-14,Australia,Friendly,0,3,L,"Melbourne, Australia",,,
1996-02-19,Poland,Lunar New Year Cup,5,0,W,"So Kon Po, Hong Kong",,,
1996-02-22,Sweden,Lunar New Year Cup,1,1,D,"So Kon Po, Hong Kong",,,
1996-05-26,Serbia,Kirin Cup,1,0,W,"Tokyo, Japan",,,
1996-05-29,Mexico,Kirin Cup,3,2,W,"Fukuoka, Japan",,,
1996-08-25,Uruguay,Friendly,5,3,W,"Osaka, Japan",,,
1996-09-11,Uzbekistan,Friendly,1,0,W,"Tokyo, Japan",,,
1996-10-13,Tunisia,Friendly,1,0,W,"Kobe, Japan",,,
1996-12-06,Syria,AFC Asian Cup,2,1,W,"Al Ain, United Arab Emirates",,,
1996-12-09,Uzbekistan,AFC Asian Cup,4,0,W,"Al Ain, United Arab Emirates",,,
1996-12-12,China,AFC Asian Cup,1,0,W,"Al Ain, United Arab Emirates",,,
1996-12-15,Kuwait,AFC Asian Cup,0,2,L,"Al Ain, United Arab Emirates",,,
1997-02-09,Thailand,King's Cup,1,1,D,"Bangkok, Thailand",,,
1997-02-13,Sweden,King's Cup,0,1,L,"Bangkok, Thailand",,,
1997-03-15,Thailand,Friendly,1,3,L,"Bangkok, Thailand",,,
1997-03-23,Oman,FIFA World Cup qualification,1,0,W,"Muscat, Oman",,,
1997-03-25,Macau,FIFA World Cup qualification,10,0,W,"Muscat, Oman",,,
1997-03-27,Nepal,FIFA World Cup qualification,6,0,W,"Muscat, Oman",,,
1997-05-11,Guam,East Asian Games,12,0,W,"Busan, South Korea",,,
1997-05-13,Mongolia,East Asian Games,5,0,W,"Busan, South Korea",,,
1997-05-15,Kazakhstan,East Asian Games,2,2,D,"Busan, South Korea",,,
1997-05-17,China,East Asian Games,0,2,L,"Busan, South Korea",,,
1997-05-21,South Korea,Friendly,1,1,D,"Tokyo, Japan",,,
1997-06-08,Croatia,Kirin Cup,4,3,W,"Tokyo, Japan",,,
1997-06-15,Turkey,Kirin Cup,1,0,W,"Osaka, Japan",,,
1997-06-22,Macau,FIFA World Cup qualification,10,0,W,"Tokyo, Japan",,,
1997-06-25,Nepal,FIFA World Cup qualification,3,0,W,"Tokyo, Japan",,,
1997-06-28,Oman,FIFA World Cup qualification,1,1,D,"Tokyo, Japan",,,
1997-08-13,Brazil,Friendly,0,3,L,"Osaka, Japan",,,
1997-09-07,Uzbekistan,FIFA World Cup qualification,6,3,W,"Tokyo, Japan",,,
1997-09-19,United Arab Emirates,FIFA World Cup qualification,0,0,D,"Abu Dhabi, United Arab Emirates",,,
1997-09-28,South Korea,FIFA World Cup qualification,1,2,L,"Tokyo, Japan",,,
1997-10-04,Kazakhstan,FIFA World Cup qualification,1,1,D,"Almaty, Kazakhstan",,,
1997-10-11,Uzbekistan,FIFA World Cup qualification,1,1,D,"Tashkent, Uzbekistan",,,
1997-10-26,United Arab Emirates,FIFA World Cup qualification,1,1,D,"Tokyo, Japan",,,
1997-11-01,South Korea,FIFA World Cup qualification,2,0,W,"Seoul, South Korea",,,
1997-11-08,Kazakhstan,FIFA World Cup qualification,5,1,W,"Tokyo, Japan",,,
1997-11-16,Iran,FIFA World Cup qualification,3,2,W,"Johor Bahru, Malaysia",,,
1998-02-15,Australia,Friendly,3,0,W,"Adelaide, Australia",,,
1998-03-01,South Korea,Dynasty Cup,2,1,W,"Yokohama, Japan",,,
1998-03-04,Hong Kong,Dynasty Cup,5,1,W,"Yokohama, Japan",,,
1998-03-07,China,Dynasty Cup,0,2,L,"Tokyo, Japan",,,
1998-04-01,South Korea,Friendly,1,2,L,"Seoul, South Korea",,,
1998-05-17,Paraguay,Kirin Cup,1,1,D,"Tokyo, Japan",,,
1998-05-24,Czech Republic,Kirin Cup,0,0,D,"Yokohama, Japan",,,
1998-05-31,Mexico,Friendly,1,2,L,"Lausanne, Switzerland",,,
1998-06-03,Serbia,Friendly,0,1,L,"Lausanne, Switzerland",,,
1998-06-14,Argentina,FIFA World Cup,0,1,L,"Toulouse, France",,,
1998-06-20,Croatia,FIFA World Cup,0,1,L,"Nantes, France",,,
1998-06-26,Jamaica,FIFA World Cup,1,2,L,"Lyon, France",,,
1998-10-28,Egypt,Friendly,1,0,W,"Osaka, Japan",,,
1998-12-01,Nepal,Asian Games,5,0,W,"Trang, Thailand",,,
1998-12-03,India,Asian Games,1,0,W,"Trang, Thailand",,,
1998-12-07,South Korea,Asian Games,0,2,L,"Bangkok, Thailand",,,
1998-12-09,Kuwait,Asian Games,2,1,W,"Bangkok, Thailand",,,
1998-12-11,United Arab Emirates,Asian Games,0,1,L,"Bangkok, Thailand",,,
1999-03-31,Brazil,Friendly,0,2,L,"Tokyo, Japan",,,
1999-06-03,Belgium,Kirin Cup,0,0,D,"Tokyo, Japan",,,
1999-06-06,Peru,Kirin Cup,0,0,D,"Yokohama, Japan",,,
1999-06-29,Peru,Copa América,2,3,L,"Asunción, Paraguay",,,
1999-07-02,Paraguay,Copa América,0,4,L,"Asunción, Paraguay",,,
1999-07-05,Bolivia,Copa América,1,1,D,"Pedro Juan Caballero, Paraguay",,,
1999-09-08,Iran,Friendly,1,1,D,"Yokohama, Japan",,,
2000-02-05,Mexico,Lunar New Year Cup,0,1,L,"So Kon Po, Hong Kong",,,
2000-02-13,Singapore,AFC Asian Cup qualification,3,0,W,"Macau, Macau",,,
2000-02-16,Brunei,AFC Asian Cup qualification,9,0,W,"Macau, Macau",,,
2000-02-20,Macau,AFC Asian Cup qualification,3,0,W,"Macau, Macau",,,
2000-03-15,China,Friendly,0,0,D,"Kobe, Japan",,,
2000-04-26,South Korea,Friendly,0,1,L,"Seoul, South Korea",,,
2000-06-04,France,King Hassan II Tournament,2,2,D,"Casablanca, Morocco",,,
2000-06-06,Jamaica,King Hassan II Tournament,4,0,W,"Casablanca, Morocco",,,
2000-06-11,Slovakia,Kirin Cup,1,1,D,"Rifu, Japan",,,
2000-06-18,Bolivia,Kirin Cup,2,0,W,"Yokohama, Japan",,,
2000-08-16,United Arab Emirates,Friendly,3,1,W,"Hiroshima, Japan",,,
2000-10-14,Saudi Arabia,AFC Asian Cup,4,1,W,"Sidon, Lebanon",,,
2000-10-17,Uzbekistan,AFC Asian Cup,8,1,W,"Sidon, Lebanon",,,
2000-10-20,Qatar,AFC Asian Cup,1,1,D,"Beirut, Lebanon",,,
2000-10-24,Iraq,AFC Asian Cup,4,1,W,"Beirut, Lebanon",,,
2000-10-26,China,AFC Asian Cup,3,2,W,"Beirut, Lebanon",,,
2000-10-29,Saudi Arabia,AFC Asian Cup,1,0,W,"Beirut, Lebanon",,,
2000-12-20,South Korea,Friendly,1,1,D,"Tokyo, Japan",,,
2001-01-23,Serbia,Millennium Cup,0,1,L,"Calcutta, India",,,
2001-03-24,France,Friendly,0,5,L,"Saint-Denis, France",,,
2001-04-25,Spain,Friendly,0,1,L,"Córdoba, Spain",,,
2001-05-31,Canada,Confederations Cup,3,0,W,"Niigata, Japan",,,
2001-06-02,Cameroon,Confederations Cup,2,0,W,"Niigata, Japan",,,
2001-06-04,Brazil,Confederations Cup,0,0,D,"Kashima, Japan",,,
2001-06-07,Australia,Confederations Cup,1,0,W,"Yokohama, Japan",,,
2001-06-10,France,Confederations Cup,0,1,L,"Yokohama, Japan",,,
2001-07-01,Paraguay,Kirin Cup,2,0,W,"Sapporo, Japan",,,
2001-07-04,Serbia,Kirin Cup,1,0,W,"Ōita, Japan",,,
2001-08-15,Australia,Friendly,3,0,W,"Fukuroi, Japan",,,
2001-10-04,Senegal,Friendly,0,2,L,"Lens, France",,,
2001-10-07,Nigeria,Friendly,2,2,D,"Southampton, England",,,
2001-11-07,Italy,Friendly,1,1,D,"Saitama, Japan",,,
2002-03-21,Ukraine,Friendly,1,0,W,"Osaka, Japan",,,
2002-03-27,Poland,Friendly,2,0,W,"Łódź, Poland",,,
2002-04-17,Costa Rica,Friendly,1,1,D,"Yokohama, Japan",,,
2002-04-29,Slovakia,Kirin Cup,1,0,W,"Tokyo, Japan",,,
2002-05-02,Honduras,Kirin Cup,3,3,D,"Kobe, Japan",,,
2002-05-14,Norway,Friendly,0,3,L,"Oslo, Norway",,,
2002-05-25,Sweden,Friendly,1,1,D,"Tokyo, Japan",,,
2002-06-04,Belgium,FIFA World Cup,2,2,D,"Saitama, Japan",,,
2002-06-09,Russia,FIFA World Cup,1,0,W,"Yokohama, Japan",,,
2002-06-14,Tunisia,FIFA World Cup,2,0,W,"Osaka, Japan",,,
2002-06-18,Turkey,FIFA World Cup,0,1,L,"Rifu, Japan",,,
2002-10-16,Jamaica,Friendly,1,1,D,"Tokyo, Japan",,,
2002-11-20,Argentina,Friendly,0,2,L,"Saitama, Japan",,,
2003-03-28,Uruguay,Friendly,2,2,D,"Tokyo, Japan",,,
2003-04-16,South Korea,Friendly,1,0,W,"Seoul, South Korea",,,
2003-05-31,South Korea,Friendly,0,1,L,"Tokyo, Japan",,,
2003-06-08,Argentina,Kirin Cup,1,4,L,"Osaka, Japan",,,
2003-06-11,Paraguay,Kirin Cup,0,0,D,"Saitama, Japan",,,
2003-06-18,New Zealand,Confederations Cup,3,0,W,"Saint-Denis, France",,,
2003-06-20,France,Confederations Cup,1,2,L,"Saint-Étienne, France",,,
2003-06-22,Colombia,Confederations Cup,0,1,L,"Saint-Étienne, France",,,
2003-08-20,Nigeria,Friendly,3,0,W,"Tokyo, Japan",,,
2003-09-10,Senegal,Friendly,0,1,L,"Niigata, Japan",,,
2003-10-08,Tunisia,Friendly,1,0,W,"Tunis, Tunisia",,,
2003-10-11,Romania,Friendly,1,1,D,"Bucharest, Romania",,,
2003-11-19,Cameroon,Friendly,0,0,D,"Ōita, Japan",,,
2003-12-04,China,EAFF Championship,2,0,W,"Tokyo, Japan",,,
2003-12-10,South Korea,EAFF Championship,0,0,D,"Yokohama, Japan",,,
2004-02-07,Malaysia,Friendly,4,0,W,"Kashima, Japan",,,
2004-02-12,Iraq,Friendly,2,0,W,"Tokyo, Japan",,,
2004-02-18,Oman,FIFA World Cup qualification,1,0,W,"Saitama, Japan",,,
2004-03-31,Singapore,FIFA World Cup qualification,2,1,W,"Singapore, Singapore",,,
2004-04-25,Hungary,Friendly,2,3,L,"Zalaegerszeg, Hungary",,,
2004-04-28,Czech Republic,Friendly,1,0,W,"Prague, Czech Republic",,,
2004-05-30,Iceland,Friendly,3,2,W,"Manchester, England",,,
2004-06-01,England,Friendly,1,1,D,"Manchester, England",,,
2004-06-09,India,FIFA World Cup qualification,7,0,W,"Saitama, Japan",,,
2004-07-09,Slovakia,Kirin Cup,3,1,W,"Hiroshima, Japan",,,
2004-07-13,Serbia,Kirin Cup,1,0,W,"Yokohama, Japan",,,
2004-07-20,Oman,AFC Asian Cup,1,0,W,"Chongqing, China",,,
2004-07-24,Thailand,AFC Asian Cup,4,1,W,"Chongqing, China",,,
2004-07-28,Iran,AFC Asian Cup,0,0,D,"Chongqing, China",,,
2004-07-31,Jordan,AFC Asian Cup,1,1,D,"Chongqing, China",,,
2004-08-03,Bahrain,AFC Asian Cup,4,3,W,"Jinan, China",,,
2004-08-07,China,AFC Asian Cup,3,1,W,"Beijing, China",,,
2004-08-18,Argentina,Friendly,1,2,L,"Fukuroi, Japan",,,
2004-09-08,India,FIFA World Cup qualification,4,0,W,"Calcutta, India",,,
2004-10-13,Oman,FIFA World Cup qualification,1,0,W,"Muscat, Oman",,,
2004-11-17,Singapore,FIFA World Cup qualification,1,0,W,"Saitama, Japan",,,
2004-12-16,Germany,Friendly,0,3,L,"Yokohama, Japan",,,
2005-01-29,Kazakhstan,Friendly,4,0,W,"Yokohama, Japan",,,
2005-02-02,Syria,Friendly,3,0,W,"Saitama, Japan",,,
2005-02-09,North Korea,FIFA World Cup qualification,2,1,W,"Saitama, Japan",,,
2005-03-25,Iran,FIFA World Cup qualification,1,2,L,"Tehran, Iran",,,
2005-03-30,Bahrain,FIFA World Cup qualification,1,0,W,"Saitama, Japan",,,
2005-05-22,Peru,Kirin Cup,0,1,L,"Niigata, Japan",,,
2005-05-27,United Arab Emirates,Kirin Cup,0,1,L,"Tokyo, Japan",,,
2005-06-03,Bahrain,FIFA World Cup qualification,1,0,W,"Riffa, Bahrain",,,
2005-06-08,North Korea,FIFA World Cup qualification,2,0,W,"Bangkok, Thailand",,,
2005-06-16,Mexico,Confederations Cup,1,2,L,"Hanover, Germany",,,
2005-06-19,Greece,Confederations Cup,1,0,W,"Frankfurt, Germany",,,
2005-06-22,Brazil,Confederations Cup,2,2,D,"Cologne, Germany",,,
2005-07-31,North Korea,EAFF Championship,0,1,L,"Daejeon, South Korea",,,
2005-08-03,China,EAFF Championship,2,2,D,"Daejeon, South Korea",,,
2005-08-07,South Korea,EAFF Championship,1,0,W,"Daegu, South Korea",,,
2005-08-17,Iran,FIFA World Cup qualification,2,1,W,"Yokohama, Japan",,,
2005-09-07,Honduras,Friendly,5,4,W,"Rifu, Japan",,,
2005-10-08,Latvia,Friendly,2,2,D,"Riga, Latvia",,,
2005-10-12,Ukraine,Friendly,0,1,L,"Kyiv, Ukraine",,,
2005-11-16,Angola,Friendly,1,0,W,"Tokyo, Japan",,,
2006-02-10,United States,Friendly,2,3,L,"San Francisco, United States",,,
2006-02-18,Finland,Friendly,2,0,W,"Fukuroi, Japan",,,
2006-02-22,India,AFC Asian Cup qualification,6,0,W,"Yokohama, Japan",,,
2006-02-28,Bosnia and Herzegovina,Friendly,2,2,D,"Dortmund, Germany",,,
2006-03-30,Ecuador,Friendly,1,0,W,"Ōita, Japan",,,
2006-05-09,Bulgaria,Kirin Cup,1,2,L,"Osaka, Japan",,,
2006-05-13,Scotland,Kirin Cup,0,0,D,"Saitama, Japan",,,
2006-05-30,Germany,Friendly,2,2,D,"Leverkusen, Germany",,,
2006-06-04,Malta,Friendly,1,0,W,"Düsseldorf, Germany",,,
2006-06-12,Australia,FIFA World Cup,1,3,L,"Kaiserslautern, Germany",,,
2006-06-18,Croatia,FIFA World Cup,0,0,D,"Nuremberg, Germany",,,
2006-06-22,Brazil,FIFA World Cup,1,4,L,"Dortmund, Germany",,,
2006-08-09,Trinidad and Tobago,Friendly,2,0,W,"Tokyo, Japan",,,
2006-08-16,Yemen,AFC Asian Cup qualification,2,0,W,"Niigata, Japan",,,
2006-09-03,Saudi Arabia,AFC Asian Cup qualification,0,1,L,"Jeddah, Saudi Arabia",,,
2006-09-06,Yemen,AFC Asian Cup qualification,1,0,W,"Sana'a, Yemen",,,
2006-10-04,Ghana,Friendly,0,1,L,"Yokohama, Japan",,,
2006-10-11,India,AFC Asian Cup qualification,3,0,W,"Bengaluru, India",,,
2006-11-15,Saudi Arabia,AFC Asian Cup qualification,3,1,W,"Sapporo, Japan",,,
2007-03-24,Peru,Friendly,2,0,W,"Yokohama, Japan",,,
2007-06-01,Montenegro,Kirin Cup,2,0,W,"Fukuroi, Japan",,,
2007-06-05,Colombia,Kirin Cup,0,0,D,"Saitama, Japan",,,
2007-07-09,Qatar,AFC Asian Cup,1,1,D,"Hanoi, Vietnam",,,
2007-07-13,United Arab Emirates,AFC Asian Cup,3,1,W,"Hanoi, Vietnam",,,
2007-07-16,Vietnam,AFC Asian Cup,4,1,W,"Hanoi, Vietnam",,,
2007-07-21,Australia,AFC Asian Cup,1,1,D,"Hanoi, Vietnam",,,
2007-07-25,Saudi Arabia,AFC Asian Cup,2,3,L,"Hanoi, Vietnam",,,
2007-07-28,South Korea,AFC Asian Cup,0,0,D,"Palembang, Indonesia",,,
2007-08-22,Cameroon,Friendly,2,0,W,"Ōita, Japan",,,
2007-09-07,Austria,Friendly,0,0,D,"Klagenfurt, Austria",,,
2007-09-11,Switzerland,Friendly,4,3,W,"Klagenfurt, Austria",,,
2007-10-17,Egypt,Friendly,4,1,W,"Osaka, Japan",,,
2008-01-26,Chile,Friendly,0,0,D,"Tokyo, Japan",,,
2008-01-30,Bosnia and Herzegovina,Friendly,3,0,W,"Tokyo, Japan",,,
2008-02-06,Thailand,FIFA World Cup qualification,4,1,W,"Saitama, Japan",,,
2008-02-17,North Korea,EAFF Championship,1,1,D,"Chongqing, China",,,
2008-02-20,China,EAFF Championship,1,0,W,"Chongqing, China",,,
2008-02-23,South Korea,EAFF Championship,1,1,D,"Chongqing, China",,,
2008-03-26,Bahrain,FIFA World Cup qualification,0,1,L,"Riffa, Bahrain",,,
2008-05-24,Ivory Coast,Kirin Cup,1,0,W,"Toyota, Japan",,,
2008-05-27,Paraguay,Kirin Cup,0,0,D,"Saitama, Japan",,,
2008-06-02,Oman,FIFA World Cup qualification,3,0,W,"Yokohama, Japan",,,
2008-06-07,Oman,FIFA World Cup qualification,1,1,D,"Muscat, Oman",,,
2008-06-14,Thailand,FIFA World Cup qualification,3,0,W,"Bangkok, Thailand",,,
2008-06-22,Bahrain,FIFA World Cup qualification,1,0,W,"Saitama, Japan",,,
2008-08-20,Uruguay,Friendly,1,3,L,"Sapporo, Japan",,,
2008-09-06,Bahrain,FIFA World Cup qualification,3,2,W,"Riffa, Bahrain",,,
2008-10-09,United Arab Emirates,Friendly,1,1,D,"Niigata, Japan",,,
2008-10-15,Uzbekistan,FIFA World Cup qualification,1,1,D,"Saitama, Japan",,,
2008-11-13,Syria,Friendly,3,1,W,"Kobe, Japan",,,
2008-11-19,Qatar,FIFA World Cup qualification,3,0,W,"Doha, Qatar",,,
2009-01-20,Yemen,AFC Asian Cup qualification,2,1,W,"Kumamoto, Japan",,,
2009-01-28,Bahrain,AFC Asian Cup qualification,0,1,L,"Riffa, Bahrain",,,
2009-02-04,Finland,Friendly,5,1,W,"Tokyo, Japan",,,
2009-02-11,Australia,FIFA World Cup qualification,0,0,D,"Yokohama, Japan",,,
2009-03-28,Bahrain,FIFA World Cup qualification,1,0,W,"Saitama, Japan",,,
2009-05-27,Chile,Kirin Cup,4,0,W,"Osaka, Japan",,,
2009-05-31,Belgium,Kirin Cup,4,0,W,"Tokyo, Japan",,,
2009-06-06,Uzbekistan,FIFA World Cup qualification,1,0,W,"Tashkent, Uzbekistan",,,
2009-06-10,Qatar,FIFA World Cup qualification,1,1,D,"Yokohama, Japan",,,
2009-06-17,Australia,FIFA World Cup qualification,1,2,L,"Melbourne, Australia",,,
2009-09-05,Netherlands,Friendly,0,3,L,"Enschede, Netherlands",,,
2009-09-09,Ghana,Friendly,4,3,W,"Utrecht, Netherlands",,,
2009-10-08,Hong Kong,AFC Asian Cup qualification,6,0,W,"Shizuoka, Japan",,,
2009-10-10,Scotland,Friendly,2,0,W,"Yokohama, Japan",,,
2009-10-14,Togo,Friendly,5,0,W,"Miyagi, Japan",,,
2009-11-14,South Africa,Friendly,0,0,D,"Port Elizabeth, South Africa",,,
2009-11-18,Hong Kong,AFC Asian Cup qualification,4,0,W,"So Kon Po, Hong Kong",,,
2010-01-06,Yemen,AFC Asian Cup qualification,3,2,W,"Sana'a, Yemen",,,
2010-02-02,Venezuela,Friendly,0,0,D,"Ōita, Japan",,,
2010-02-06,China,EAFF Championship,0,0,D,"Tokyo, Japan",,,
2010-02-11,Hong Kong,EAFF Championship,3,0,W,"Tokyo, Japan",,,
2010-02-14,South Korea,EAFF Championship,1,3,L,"Tokyo, Japan",,,
2010-03-03,Bahrain,AFC Asian Cup qualification,2,0,W,"Toyota, Japan",,,
2010-04-07,Serbia,Friendly,0,3,L,"Osaka, Japan",,,
2010-05-24,South Korea,Friendly,0,2,L,"Saitama, Japan",,,
2010-05-30,England,Friendly,1,2,L,"Graz, Austria",,,
2010-06-04,Ivory Coast,Friendly,0,2,L,"Sion, Switzerland",,,
2010-06-14,Cameroon,FIFA World Cup,1,0,W,"Bloemfontein, South Africa",,,
2010-06-19,Netherlands,FIFA World Cup,0,1,L,"Durban, South Africa",,,
2010-06-24,Denmark,FIFA World Cup,3,1,W,"Rustenburg, South Africa",,,
2010-06-29,Paraguay,FIFA World Cup,0,0,D,"Pretoria, South Africa",,,
2010-09-04,Paraguay,Friendly,1,0,W,"Yokohama, Japan",,,
2010-09-07,Guatemala,Friendly,2,1,W,"Osaka, Japan",,,
2010-10-08,Argentina,Friendly,1,0,W,"Saitama, Japan",,,
2010-10-12,South Korea,Friendly,0,0,D,"Seoul, South Korea",,,
2011-01-09,Jordan,AFC Asian Cup,1,1,D,"Doha, Qatar",,,
2011-01-13,Syria,AFC Asian Cup,2,1,W,"Doha, Qatar",,,
2011-01-17,Saudi Arabia,AFC Asian Cup,5,0,W,"Al Rayyan, Qatar",,,
2011-01-21,Qatar,AFC Asian Cup,3,2,W,"Doha, Qatar",,,
2011-01-25,South Korea,AFC Asian Cup,2,2,D,"Doha, Qatar",,,
2011-01-29,Australia,AFC Asian Cup,1,0,W,"Doha, Qatar",,,
2011-06-01,Peru,Kirin Cup,0,0,D,"Niigata, Japan",,,
2011-06-07,Czech Republic,Kirin Cup,0,0,D,"Yokohama, Japan",,,
2011-08-10,South Korea,Friendly,3,0,W,"Sapporo, Japan",,,
2011-09-02,North Korea,FIFA World Cup qualification,1,0,W,"Saitama, Japan",,,
2011-09-06,Uzbekistan,FIFA World Cup qualification,1,1,D,"Tashkent, Uzbekistan",,,
2011-10-07,Vietnam,Friendly,1,0,W,"Kobe, Japan",,,
2011-10-11,Tajikistan,FIFA World Cup qualification,8,0,W,"Osaka, Japan",,,
2011-11-11,Tajikistan,FIFA World Cup qualification,4,0,W,"Dushanbe, Tajikistan",,,
2011-11-15,North Korea,FIFA World Cup qualification,0,1,L,"Pyongyang, North Korea",,,
2012-02-24,Iceland,Friendly,3,1,W,"Osaka, Japan",,,
2012-02-29,Uzbekistan,FIFA World Cup qualification,0,1,L,"Toyota, Japan",,,
2012-05-23,Azerbaijan,Friendly,2,0,W,"Shizuoka, Japan",,,
2012-06-03,Oman,FIFA World Cup qualification,3,0,W,"Saitama, Japan",,,
2012-06-08,Jordan,FIFA World Cup qualification,6,0,W,"Saitama, Japan",,,
2012-06-12,Australia,FIFA World Cup qualification,1,1,D,"Brisbane, Australia",,,
2012-08-15,Venezuela,Friendly,1,1,D,"Sapporo, Japan",,,
2012-09-06,United Arab Emirates,Friendly,1,0,W,"Niigata, Japan",,,
2012-09-11,Iraq,FIFA World Cup qualification,1,0,W,"Saitama, Japan",,,
2012-10-12,France,Friendly,1,0,W,"Saint-Denis, France",,,
2012-10-16,Brazil,Friendly,0,4,L,"Wrocław, Poland",,,
2012-11-14,Oman,FIFA World Cup qualification,2,1,W,"Muscat, Oman",,,
2013-02-06,Latvia,Friendly,3,0,W,"Kobe, Japan",,,
2013-03-22,Canada,Friendly,2,1,W,"Doha, Qatar",,,
2013-03-26,Jordan,FIFA World Cup qualification,1,2,L,"Amman, Jordan",,,
2013-05-30,Bulgaria,Kirin Challenge Cup,0,2,L,"Toyota, Japan",,,
2013-06-04,Australia,FIFA World Cup qualification,1,1,D,"Saitama, Japan",,,
2013-06-11,Iraq,FIFA World Cup qualification,1,0,W,"Doha, Qatar",,,
2013-06-15,Brazil,Confederations Cup,0,3,L,"Brasília, Brazil",,,
2013-06-19,Italy,Confederations Cup,3,4,L,"Recife, Brazil",,,
2013-06-22,Mexico,Confederations Cup,1,2,L,"Belo Horizonte, Brazil",,,
2013-07-21,China,EAFF Championship,3,3,D,"Seoul, South Korea",,,
2013-07-25,Australia,EAFF Championship,3,2,W,"Hwaseong, South Korea",,,
2013-07-28,South Korea,EAFF Championship,2,1,W,"Seoul, South Korea",,,
2013-08-14,Uruguay,Friendly,2,4,L,"Rifu, Japan",,,
2013-09-06,Guatemala,Friendly,3,0,W,"Osaka, Japan",,,
2013-09-10,Ghana,Friendly,3,1,W,"Saitama, Japan",,,
2013-10-11,Serbia,Friendly,0,2,L,"Novi Sad, Serbia",,,
2013-10-15,Belarus,Friendly,0,1,L,"Minsk, Belarus",,,
2013-11-16,Netherlands,Friendly,2,2,D,"Genk, Belgium",,,
2013-11-19,Belgium,Friendly,3,2,W,"Brussels, Belgium",,,
2014-03-05,New Zealand,Friendly,4,2,W,"Tokyo, Japan",,,
2014-05-27,Cyprus,Friendly,1,0,W,"Saitama, Japan",,,
2014-06-02,Costa Rica,Friendly,3,1,W,"Tampa, United States",,,
2014-06-06,Zambia,Friendly,4,3,W,"Tampa, United States",,,
2014-06-14,Ivory Coast,FIFA World Cup,1,2,L,"Recife, Brazil",,,
2014-06-19,Greece,FIFA World Cup,0,0,D,"Natal, Brazil",,,
2014-06-24,Colombia,FIFA World Cup,1,4,L,"Cuiabá, Brazil",,,
2014-09-05,Uruguay,Kirin Challenge Cup,0,2,L,"Sapporo, Japan",,,
2014-09-09,Venezuela,Friendly,2,2,D,"Yokohama, Japan",,,
2014-10-10,Jamaica,Friendly,1,0,W,"Niigata, Japan",,,
2014-10-14,Brazil,Friendly,0,4,L,"Kallang, Singapore",,,
2014-11-14,Honduras,Friendly,6,0,W,"Toyota, Japan",,,
2014-11-18,Australia,Friendly,2,1,W,"Osaka, Japan",,,
2015-01-12,Palestine,AFC Asian Cup,4,0,W,"Newcastle, Australia",,,
2015-01-16,Iraq,AFC Asian Cup,1,0,W,"Brisbane, Australia",,,
2015-01-20,Jordan,AFC Asian Cup,2,0,W,"Melbourne, Australia",,,
2015-01-23,United Arab Emirates,AFC Asian Cup,1,1,D,"Sydney, Australia",,,
2015-03-27,Tunisia,Kirin Challenge Cup,2,0,W,"Ōita, Japan",,,
2015-03-31,Uzbekistan,Friendly,5,1,W,"Chōfu, Japan",,,
2015-06-11,Iraq,Kirin Challenge Cup,4,0,W,"Yokohama, Japan",,,
2015-06-16,Singapore,FIFA World Cup qualification,0,0,D,"Saitama, Japan",,,
2015-08-02,North Korea,EAFF Championship,1,2,L,"Wuhan, China",,,
2015-08-05,South Korea,EAFF Championship,1,1,D,"Wuhan, China",,,
2015-08-09,China,EAFF Championship,1,1,D,"Wuhan, China",,,
2015-09-03,Cambodia,FIFA World Cup qualification,3,0,W,"Saitama, Japan",,,
2015-09-08,Afghanistan,FIFA World Cup qualification,6,0,W,"Tehran, Iran",,,
2015-10-08,Syria,FIFA World Cup qualification,3,0,W,"Seeb, Oman",,,
2015-10-13,Iran,Friendly,1,1,D,"Tehran, Iran",,,
2015-11-12,Singapore,FIFA World Cup qualification,3,0,W,"Kallang, Singapore",,,
2015-11-17,Cambodia,FIFA World Cup qualification,2,0,W,"Phnom Penh, Cambodia",,,
2016-03-24,Afghanistan,FIFA World Cup qualification,5,0,W,"Saitama, Japan",,,
2016-03-29,Syria,FIFA World Cup qualification,5,0,W,"Saitama, Japan",,,
2016-06-03,Bulgaria,Kirin Cup,7,2,W,"Toyota, Japan",,,
2016-06-07,Bosnia and Herzegovina,Kirin Cup,1,2,L,"Suita, Japan",,,
2016-09-01,United Arab Emirates,FIFA World Cup qualification,1,2,L,"Saitama, Japan",,,
2016-09-06,Thailand,FIFA World Cup qualification,2,0,W,"Bangkok, Thailand",,,
2016-10-06,Iraq,FIFA World Cup qualification,2,1,W,"Saitama, Japan",,,
2016-10-11,Australia,FIFA World Cup qualification,1,1,D,"Melbourne, Australia",,,
2016-11-11,Oman,Kirin Challenge Cup,4,0,W,"Kashima, Japan",,,
2016-11-15,Saudi Arabia,FIFA World Cup qualification,2,1,W,"Saitama, Japan",,,
2017-03-23,United Arab Emirates,FIFA World Cup qualification,2,0,W,"Al Ain, United Arab Emirates",,,
2017-03-28,Thailand,FIFA World Cup qualification,4,0,W,"Saitama, Japan",,,
2017-06-07,Syria,Kirin Challenge Cup,1,1,D,"Chōfu, Japan",,,
2017-06-13,Iraq,FIFA World Cup qualification,1,1,D,"Tehran, Iran",,,
2017-08-31,Australia,FIFA World Cup qualification,2,0,W,"Saitama, Japan",,,
2017-09-05,Saudi Arabia,FIFA World Cup qualification,0,1,L,"Jeddah, Saudi Arabia",,,
2017-10-06,New Zealand,Kirin Challenge Cup,2,1,W,"Toyota, Japan",,,
2017-10-10,Haiti,Kirin Challenge Cup,3,3,D,"Yokohama, Japan",,,
2017-11-10,Brazil,Friendly,1,3,L,"Villeneuve-d'Ascq, France",,,
2017-11-14,Belgium,Friendly,0,1,L,"Bruges, Belgium",,,
2017-12-09,North Korea,EAFF Championship,1,0,W,"Chōfu, Japan",,,
2017-12-12,China,EAFF Championship,2,1,W,"Chōfu, Japan",,,
2017-12-16,South Korea,EAFF Championship,1,4,L,"Chōfu, Japan",,,
2018-03-23,Mali,Friendly,1,1,D,"Liège, Belgium",,,
2018-03-27,Ukraine,Friendly,1,2,L,"Liège, Belgium",,,
2018-05-30,Ghana,Friendly,0,2,L,"Yokohama, Japan",,,
2018-06-08,Switzerland,Friendly,0,2,L,"Lugano, Switzerland",,,
2018-06-12,Paraguay,Friendly,4,2,W,"Innsbruck, Austria",,,
2018-06-19,Colombia,FIFA World Cup,2,1,W,"Saransk, Russia",,,
2018-06-24,Senegal,FIFA World Cup,2,2,D,"Ekaterinburg, Russia",,,
2018-06-28,Poland,FIFA World Cup,0,1,L,"Volgograd, Russia",,,
2018-07-02,Belgium,FIFA World Cup,2,3,L,"Rostov-on-Don, Russia",,,
2018-09-11,Costa Rica,Kirin Challenge Cup,3,0,W,"Suita, Japan",,,
2018-10-12,Panama,Kirin Challenge Cup,3,0,W,"Niigata, Japan",,,
2018-10-16,Uruguay,Kirin Challenge Cup,4,3,W,"Saitama, Japan",,,
2018-11-16,Venezuela,Kirin Challenge Cup,1,1,D,"Ōita, Japan",,,
2018-11-20,Kyrgyzstan,Kirin Challenge Cup,4,0,W,"Toyota, Japan",,,
2019-01-09,Turkmenistan,AFC Asian Cup,3,2,W,"Abu Dhabi, United Arab Emirates",,,
2019-01-13,Oman,AFC Asian Cup,1,0,W,"Abu Dhabi, United Arab Emirates",,,
2019-01-17,Uzbekistan,AFC Asian Cup,2,1,W,"Al Ain, United Arab Emirates",,,
2019-01-21,Saudi Arabia,AFC Asian Cup,1,0,W,"Sharjah, United Arab Emirates",,,
2019-01-24,Vietnam,AFC Asian Cup,1,0,W,"Dubai, United Arab Emirates",,,
2019-01-28,Iran,AFC Asian Cup,3,0,W,"Al Ain, United Arab Emirates",,,
2019-02-01,Qatar,AFC Asian Cup,1,3,L,"Abu Dhabi, United Arab Emirates",,,
2019-03-22,Colombia,Kirin Challenge Cup,0,1,L,"Yokohama, Japan",,,
2019-03-26,Bolivia,Kirin Challenge Cup,1,0,W,"Kobe, Japan",,,
2019-06-05,Trinidad and Tobago,Kirin Challenge Cup,0,0,D,"Toyota, Japan",,,
2019-06-09,El Salvador,Kirin Challenge Cup,2,0,W,"Rifu, Japan",,,
2019-06-17,Chile,Copa América,0,4,L,"São Paulo, Brazil",,,
2019-06-20,Uruguay,Copa América,2,2,D,"Porto Alegre, Brazil",,,
2019-06-24,Ecuador,Copa América,1,1,D,"Belo Horizonte, Brazil",,,
2019-09-05,Paraguay,Kirin Challenge Cup,2,0,W,"Kashima, Japan",,,
2019-09-10,Myanmar,FIFA World Cup qualification,2,0,W,"Yangon, Myanmar",,,
2019-10-10,Mongolia,FIFA World Cup qualification,6,0,W,"Saitama, Japan",,,
2019-10-15,Tajikistan,FIFA World Cup qualification,3,0,W,"Dushanbe, Tajikistan",,,
2019-11-14,Kyrgyzstan,FIFA World Cup qualification,2,0,W,"Bishkek, Kyrgyzstan",,,
2019-11-19,Venezuela,Kirin Challenge Cup,1,4,L,"Suita, Japan",,,
2019-12-10,China,EAFF Championship,2,1,W,"Busan, South Korea",,,
2019-12-14,Hong Kong,EAFF Championship,5,0,W,"Busan, South Korea",,,
2019-12-18,South Korea,EAFF Championship,0,1,L,"Busan, South Korea",,,
2020-10-09,Cameroon,Friendly,0,0,D,"Utrecht, Netherlands",,,
2020-10-13,Ivory Coast,Friendly,1,0,W,"Utrecht, Netherlands",,,
2020-11-13,Panama,Friendly,1,0,W,"Graz, Austria",,,
2020-11-17,Mexico,Friendly,0,2,L,"Graz, Austria",,,
2021-03-25,South Korea,Friendly,3,0,W,"Yokohama, Japan",,,
2021-03-30,Mongolia,FIFA World Cup qualification,14,0,W,"Chiba, Japan",,,
2021-05-28,Myanmar,FIFA World Cup qualification,10,0,W,"Chiba, Japan",,,
2021-06-07,Tajikistan,FIFA World Cup qualification,4,1,W,"Suita, Japan",,,
2021-06-11,Serbia,Kirin Challenge Cup,1,0,W,"Kobe, Japan",,,
2021-06-15,Kyrgyzstan,FIFA World Cup qualification,5,1,W,"Suita, Japan",,,
2021-09-02,Oman,FIFA World Cup qualification,0,1,L,"Suita, Japan",,,
2021-09-07,China,FIFA World Cup qualification,1,0,W,"Doha, Qatar",,,
2021-10-07,Saudi Arabia,FIFA World Cup qualification,0,1,L,"Jeddah, Saudi Arabia",,,
2021-10-12,Australia,FIFA World Cup qualification,2,1,W,"Saitama, Japan",,,
2021-11-11,Vietnam,FIFA World Cup qualification,1,0,W,"Hanoi, Vietnam",,,
2021-11-16,Oman,FIFA World Cup qualification,1,0,W,"Muscat, Oman",,,
2022-01-27,China,FIFA World Cup qualification,2,0,W,"Saitama, Japan",,,
2022-02-01,Saudi Arabia,FIFA World Cup qualification,2,0,W,"Saitama, Japan",,,
2022-03-24,Australia,FIFA World Cup qualification,2,0,W,"Sydney, Australia",,,
2022-03-29,Vietnam,FIFA World Cup qualification,1,1,D,"Saitama, Japan",,,
2022-06-02,Paraguay,Friendly,4,1,W,"Sapporo, Japan",,,
2022-06-06,Brazil,Friendly,0,1,L,"Tokyo, Japan",,,
2022-06-10,Ghana,Kirin Cup,4,1,W,"Kobe, Japan",,,
2022-06-14,Tunisia,Kirin Cup,0,3,L,"Suita, Japan",,,
2022-07-19,Hong Kong,EAFF Championship,6,0,W,"Kashima, Japan",,,
2022-07-24,China,EAFF Championship,0,0,D,"Toyota, Japan",,,
2022-07-27,South Korea,EAFF Championship,3,0,W,"Toyota, Japan",,,
2022-09-23,United States,Kirin Challenge Cup,2,0,W,"Düsseldorf, Germany",,,
2022-09-27,Ecuador,Kirin Challenge Cup,0,0,D,"Düsseldorf, Germany",,,
2022-11-17,Canada,Friendly,1,2,L,"Dubai, United Arab Emirates",,,
2022-11-23,Germany,FIFA World Cup,2,1,W,"Al Rayyan, Qatar",,,
2022-11-27,Costa Rica,FIFA World Cup,0,1,L,"Al Rayyan, Qatar",,,
2022-12-01,Spain,FIFA World Cup,2,1,W,"Al Rayyan, Qatar",,,
2022-12-05,Croatia,FIFA World Cup,1,1,D,"Al Wakrah, Qatar",,,
2023-03-24,Uruguay,Friendly,1,1,D,"Tokyo, Japan",,,
2023-03-28,Colombia,Friendly,1,2,L,"Osaka, Japan",,,
2023-06-15,El Salvador,Friendly,6,0,W,"Toyota, Japan",,,
2023-06-20,Peru,Friendly,4,1,W,"Suita, Japan",,,
2023-09-09,Germany,Friendly,4,1,W,"Wolfsburg, Germany",,,
2023-09-12,Turkey,Friendly,4,2,W,"Genk, Belgium",,,
2023-10-13,Canada,Friendly,4,1,W,"Niigata, Japan",,,
2023-11-16,Myanmar,FIFA World Cup qualification,5,0,W,"Suita, Japan",,,
2023-11-21,Syria,FIFA World Cup qualification,5,0,W,"Jeddah, Saudi Arabia",,,
2024-01-01,Thailand,Friendly,5,0,W,"Tokyo, Japan",,,
2024-01-09,Jordan,Friendly,6,1,W,"Doha, Qatar",,,
2024-01-14,Vietnam,AFC Asian Cup,4,2,W,"Doha, Qatar",,,
2024-01-19,Iraq,AFC Asian Cup,1,2,L,"Al Rayyan, Qatar",,,
2024-01-24,Indonesia,AFC Asian Cup,3,1,W,"Doha, Qatar",,,
2024-01-31,Bahrain,AFC Asian Cup,3,1,W,"Doha, Qatar",,,
2024-02-03,Iran,AFC Asian Cup,1,2,L,"Al Rayyan, Qatar",,,
2024-03-21,North Korea,FIFA World Cup qualification,1,0,W,"Tokyo, Japan",,,
2024-06-06,Myanmar,FIFA World Cup qualification,5,0,W,"Yangon, Myanmar",,,
2024-06-11,Syria,FIFA World Cup qualification,5,0,W,"Hiroshima, Japan",,,
2024-09-05,China,FIFA World Cup qualification,7,0,W,"Saitama, Japan",,,
2024-09-10,Bahrain,FIFA World Cup qualification,5,0,W,"Riffa, Bahrain",,,
2024-10-10,Saudi Arabia,FIFA World Cup qualification,2,0,W,"Jeddah, Saudi Arabia",,,
2024-10-15,Australia,FIFA World Cup qualification,1,1,D,"Saitama, Japan",,,
2024-11-15,Indonesia,FIFA World Cup qualification,4,0,W,"Jakarta, Indonesia",,,
2024-11-19,China,FIFA World Cup qualification,3,1,W,"Xiamen, China",,,
2025-03-20,Bahrain,FIFA World Cup qualification,2,0,W,"Saitama, Japan",,,
2025-03-25,Saudi Arabia,FIFA World Cup qualification,0,0,D,"Saitama, Japan",,,
2025-06-05,Australia,FIFA World Cup qualification,0,1,L,"Perth, Australia",,,
2025-06-10,Indonesia,FIFA World Cup qualification,6,0,W,"Suita, Japan",,,
2025-09-06,Mexico,Friendly,0,0,D,"Oakland, United States",,,
2025-09-09,United States,Friendly,0,2,L,"Columbus, United States",,,
2025-10-10,Paraguay,Kirin Cup,2,2,D,"Osaka, Japan",,,
2025-10-14,Brazil,Kirin Cup,3,2,W,"Tokyo, Japan",,,
2025-11-14,Ghana,Kirin Cup,2,0,W,"Toyota, Japan",,,
2025-11-18,Bolivia,Kirin Cup,3,0,W,"Tokyo, Japan",,,
2026-03-28,Scotland,Friendly,1,0,W,"Glasgow, Scotland",,,
2026-03-31,England,Friendly,1,0,W,"London, England",,,
2026-05-31,Iceland,Friendly,1,0,W,"Tokyo, Japan",,,
2026-06-14,Netherlands,FIFA World Cup,2,2,D,"Arlington, United States",,,
2026-06-20,Tunisia,FIFA World Cup,4,0,W,"Guadalupe, Mexico",,,
2026-06-25,Sweden,FIFA World Cup,1,1,D,"Arlington, United States",,,
2026-06-29,Brazil,FIFA World Cup,1,2,L,"Houston, United States",,,
